year,close
2017,2044.7428571428572
2018,2101.980769230769
2019,1811.1538461538462
2020,1730.4038461538462
2021,2462.3444444444444
