year,close
2017,6443.6
2018,6510.2692307692305
2019,6032.115384615385
2020,6208.798076923077
2021,9284.1
