year,close
2017,58.279942857142856
2018,63.06198076923077
2019,64.57984615384615
2020,72.54623076923077
2021,73.61631111111112
